Title,link,Price,Details
iPhone 16 Pro Max,https://images.ctfassets.net/t00ajdlq0g9p/6pFvog1BF2NEExJQJ6BTpO/ce192b7992ececfb3f0acaaac946dc4d/apple-iPhone16-Pro-Max-natural-pos1.png?h=269&w=403&fm=webp&q=100,$74.96 per mo.,"Taxes extra | $0 down | 24 mos | 0% APR
Full Price: $1,799.00,"
iPhone 16 Pro,https://images.ctfassets.net/t00ajdlq0g9p/29LjRlsJQckbkLztfqgnob/42cd45fbd0411f8e72283793b1ed3266/apple-iPhone16-Pro-white-pos1.png?h=269&w=403&fm=webp&q=100,$62.09 per mo.,"Taxes extra | $0 down | 24 mos | 0% APR
Full Price: $1,490.00,"
iPhone 16,https://images.ctfassets.net/t00ajdlq0g9p/IpQ6dWI2QsH4jqyWqy4is/8dbd8df012ccedd906169146331905b2/apple-iPhone16-pink-pos1.png?h=269&w=403&fm=webp&q=100,$48.38 per mo.,"Taxes extra | $0 down | 24 mos | 0% APR
Full Price: $1,161.00,"
Google Pixel 9,https://images.ctfassets.net/t00ajdlq0g9p/7Ib1oWmom982Dl8EzW4hmK/dcfa45e3a8eec1cd2ad6c531899ce780/google-pixel9-peony-main.png?h=269&w=403&fm=webp&q=100,$20.00 per mo.,"Taxes extra | $0 down | 24 mos | 0% APR
Full Price: $1,287.00,"
iPhone 15,https://images.ctfassets.net/t00ajdlq0g9p/ztqSn4e7eeG5Yro47pfTH/4983b6af18705b9493e70662a88cca8a/apple-15-blue-pos1.png?h=269&w=403&fm=webp&q=100,$42.80 per mo.,"Taxes extra | $0 down | 24 mos | 0% APR
Full Price: $1,027.00,"
iPhone 13,https://images.ctfassets.net/t00ajdlq0g9p/QZsnQ9PfOnsK1cVGreAHH/86f358dddccfea146aa81789a3b761bf/iPhone13-midnight-front.png?h=269&w=403&fm=webp&q=100,$5.00 per mo.,"Taxes extra | $0 down | 24 mos | 0% APR
Full Price: $581.00,"
Samsung Galaxy S22,https://images.ctfassets.net/t00ajdlq0g9p/6jSLjwHXkl68hLt9D2tkr/acadb4b37cad286f412754ad3235c9f7/galaxy-s22-green-front.png?h=269&w=403&fm=webp&q=100,$5.00 per mo.,"Taxes extra | $0 down | 24 mos | 0% APR
Full Price: $915.00,"
Samsung Galaxy S24 FE,https://images.ctfassets.net/t00ajdlq0g9p/56tVvJl21EF0VmU14WjT5h/ee62960c7cb2c3c3b45e5ae0605f1d59/samsung-galaxy-s24FE-main.png?h=269&w=403&fm=webp&q=100,$38.33 per mo.,"Taxes extra | $0 down | 24 mos | 0% APR
Full Price: $1,111.49,"
Google Pixel 9 Pro & Pixel Buds Pro 2 Porcelain Bundle,https://images.ctfassets.net/t00ajdlq0g9p/6n0ZD9RWPoeEIsBDs3zXPy/33636e8d0848e002eb59cf2c8a41c177/Pixel9-buds.png?h=269&w=403&fm=webp&q=100,$68.67 per mo.,"Taxes extra | $0 down | 24 mos | 0% APR
Full Price: $1,879.00,"
Google Pixel 9 Pro,https://images.ctfassets.net/t00ajdlq0g9p/5n2ojahNod5eR2uS3uwkQ0/c578b26e0d671acbb836a01e9879e31b/google-pixel-9-pro-hazel-main.png?h=269&w=403&fm=webp&q=100,$56.21 per mo.,"Taxes extra | $0 down | 24 mos | 0% APR
Full Price: $1,580.00,"
motorola razr+ 2024,https://images.ctfassets.net/t00ajdlq0g9p/35BUaaq35NQdxVgP0GBdB4/f03e5b6f17061a05a0fd8cc7d0b177bd/Moto_Aura_Purple_with_Buds.png?h=269&w=403&fm=webp&q=100,$27.50 per mo.,"Taxes extra | $0 down | 24 mos | 0% APR
Full Price: $1,560.00,"
iPhone 16 Plus,https://images.ctfassets.net/t00ajdlq0g9p/42UHYlqMY1v1bwRmEJUh1K/4e42fecb20cf5950c9d56fc45eb922d3/apple-iPhone16-Plus-pink-pos1.png?h=269&w=403&fm=webp&q=100,$54.80 per mo.,"Taxes extra | $0 down | 24 mos | 0% APR
Full Price: $1,315.00,"
iPhone 15 Pro Max,https://images.ctfassets.net/t00ajdlq0g9p/es0NuWFZjI8Muh1CyX2qb/0fa33df917d5653ffffc7462219eaa3c/apple-15-Pro-max-blue-pos1.png?h=269&w=403&fm=webp&q=100,$52.50 per mo.,"Taxes extra | $0 down | 24 mos | 0% APR
Full Price: $1,260.00,"
iPhone 13 Pro Max,https://images.ctfassets.net/t00ajdlq0g9p/5JvMm51XwePskRPgbA3d9i/b2471a96640524467b66216a49e6589b/iPhone13-pro-max-green-pos1.png?h=269&w=403&fm=webp&q=100,$15.00 per mo.,"Taxes extra | $0 down | 24 mos | 0% APR
Full Price: $1,050.00,"
Samsung Galaxy S22 Ultra,https://images.ctfassets.net/t00ajdlq0g9p/2jPaFlauq7Fsqyt5OAPQ7P/2060c5d553a728e559d3cbe2f2a3b587/galaxy-s22-ultra-burgundy-front.png?h=269&w=403&fm=webp&q=100,$15.00 per mo.,"Taxes extra | $0 down | 24 mos | 0% APR
Full Price: $1,100.00,"
Samsung Galaxy S24+,https://images.ctfassets.net/t00ajdlq0g9p/2swufagEHBfZWsND3GQGCM/acb574d20c57646edf1ae07b153a391d/samsung-galaxy-s24-Plus-black-main.png?h=269&w=403&fm=webp&q=100,$39.17 per mo.,"Taxes extra | $0 down | 24 mos | 0% APR
Full Price: $940.00,"
Google Pixel 8,https://images.ctfassets.net/t00ajdlq0g9p/3pYeP52cdwrp3KLkQmBOhL/f47837a68a78e3cebacc4efe7c6b271f/google-pixel-8-licorice-front.png?h=269&w=403&fm=webp&q=100,$13.00 per mo.,"Taxes extra | $0 down | 24 mos | 0% APR
Full Price: $647.00,"
Google Pixel 9 Pro Fold,https://images.ctfassets.net/t00ajdlq0g9p/3kIxamxtHv514ix1KXTsQf/2cded97f8f6544ee02e7d4dc744a351e/google-pixel9-pro-fold-main.png?h=269&w=403&fm=webp&q=100,$60.00 per mo.,"Taxes extra | $0 down | 24 mos | 0% APR
Full Price: $2,808.00,"
Google Pixel 9 Pro XL,https://images.ctfassets.net/t00ajdlq0g9p/1JeLw6lvN1mzowapND3LVk/d717512eb41c871c06b0be9f4e66c1e5/google-pixel9-pro-xl-obsidian-main.png?h=269&w=403&fm=webp&q=100,$40.00 per mo.,"Taxes extra | $0 down | 24 mos | 0% APR
Full Price: $1,755.00,"
Samsung Galaxy Z Flip6,https://images.ctfassets.net/t00ajdlq0g9p/2z3pmI2HNUpWm2DVqQZNBP/5aff24851e732a4e5b6de83dd99e8616/samsung-flip6-mint-group.png?h=269&w=403&fm=webp&q=100,$40.97 per mo.,"Taxes extra | $0 down | 24 mos | 0% APR
Full Price: $1,807.00,"
iPhone 15 Pro Max,https://images.ctfassets.net/t00ajdlq0g9p/148MwoEnIU1Fx1zNcciAwG/a43bd8dd38ecc7a7d2d3047200edcbbb/apple-15-Pro-black-pos1.png?h=269&w=403&fm=webp&q=100,$81.41 per mo.,"Taxes extra | $0 down | 24 mos | 0% APR
Full Price: $1,953.72,"
iPhone 15 Pro,https://images.ctfassets.net/t00ajdlq0g9p/148MwoEnIU1Fx1zNcciAwG/a43bd8dd38ecc7a7d2d3047200edcbbb/apple-15-Pro-black-pos1.png?h=269&w=403&fm=webp&q=100,$43.46 per mo.,"Taxes extra | $0 down | 24 mos | 0% APR
Full Price: $1,043.00,"
Samsung Galaxy S24,https://images.ctfassets.net/t00ajdlq0g9p/5f3svge2gw2IBK6pme9W3j/87e74acf55b287af4946dd91f15bdd2a/samsung-galaxy-s24-black-main.png?h=269&w=403&fm=webp&q=100,$30.00 per mo.,"Taxes extra | $0 down | 24 mos | 0% APR
Full Price: $1,358.49,"
iPhone 14,https://images.ctfassets.net/t00ajdlq0g9p/3WhfwrE47HJ0oljoL6kqIm/b36af9654a429f5ee9d4f06188a7b307/apple-14-midnight-pos1.png?h=269&w=403&fm=webp&q=100,$36.38 per mo.,"Taxes extra | $0 down | 24 mos | 0% APR
Full Price: $873.00,"
Samsung Galaxy S24,https://images.ctfassets.net/t00ajdlq0g9p/5f3svge2gw2IBK6pme9W3j/87e74acf55b287af4946dd91f15bdd2a/samsung-galaxy-s24-black-main.png?h=269&w=403&fm=webp&q=100,$28.34 per mo.,"Taxes extra | $0 down | 24 mos | 0% APR
Full Price: $800.00,"
iPhone 13 Pro,https://images.ctfassets.net/t00ajdlq0g9p/5NjSeIZQjuvZVs6AYmK57L/e49655af795dedd33899ebc206be4e0b/iPhone13-pro-green-pos1.png?h=269&w=403&fm=webp&q=100,$10.00 per mo.,"Taxes extra | $0 down | 24 mos | 0% APR
Full Price: $950.00,"
moto g 5G - 2024,https://images.ctfassets.net/t00ajdlq0g9p/52opijrLyXW4jfBr6gmOvb/577ce55021e07a1defc78fd5c8b4573a/motorola-moto-5G-front.png?h=269&w=403&fm=webp&q=100,$7.00 per mo.,"Taxes extra | $0 down | 24 mos | 0% APR
Full Price: $249.99,"
Samsung Galaxy S24 & Galaxy BudsFE,https://images.ctfassets.net/t00ajdlq0g9p/1deUnTjaiLy5MSTBAlsdZF/7442d3e738cfae9a3928697eed2d6f7c/samsung-galaxy-s24-buds-main.png?h=269&w=403&fm=webp&q=100,$35.83 per mo.,"Taxes extra | $0 down | 24 mos | 0% APR
Full Price: $1,498.49,"
Samsung Galaxy S24 Ultra & Galaxy BudsFE,https://images.ctfassets.net/t00ajdlq0g9p/4B3CLlznuNnqLh0vpnsVEN/71bcd622c236bc8bfd9fb82a1ded068a/samsung-galaxy-s24-ultra-buds-main.png?h=269&w=403&fm=webp&q=100,$80.83 per mo.,"Taxes extra | $0 down | 24 mos | 0% APR
Full Price: $2,362.99,"
Samsung Galaxy S24+,https://images.ctfassets.net/t00ajdlq0g9p/2swufagEHBfZWsND3GQGCM/acb574d20c57646edf1ae07b153a391d/samsung-galaxy-s24-Plus-black-main.png?h=269&w=403&fm=webp&q=100,$30.00 per mo.,"Taxes extra | $0 down | 24 mos | 0% APR
Full Price: $1,728.99,"
iPhone 12,https://images.ctfassets.net/t00ajdlq0g9p/7FD60LS70ADulmHYrvcAlN/0f3c2388a0f38f59b694ca971919b0cc/iPhone-12-black-01.png?h=269&w=403&fm=webp&q=100,$15.00 per mo.,"Taxes extra | $0 down | 24 mos | 0% APR
Full Price: $801.36,"
Samsung Galaxy S23,https://images.ctfassets.net/t00ajdlq0g9p/6cBs3ZbMHUcVfhPFEZVGJF/00b1b60335cb42ef29c22d2927cde988/samsung-galaxy-s23Plus-black-front.png?h=269&w=403&fm=webp&q=100,$40.42 per mo.,"Taxes extra | $0 down | 24 mos | 0% APR
Full Price: $1,197.94,"
motorola edge - 2024,https://images.ctfassets.net/t00ajdlq0g9p/2qjGWt2Gc6KmPH6Sm20M1h/ffb6612ba63be4d83f5ac1344b51a73e/motorola-manaus-front.png?h=269&w=403&fm=webp&q=100,$5.00 per mo.,"Taxes extra | $0 down | 24 mos | 0% APR
Full Price: $715.00,"
Samsung Galaxy Z Fold6,https://images.ctfassets.net/t00ajdlq0g9p/LycoYk9Ag19YF720NUcDn/ee6eca2fb94d397c48805be447585501/samsung-fold6-silvershadow-open.png?h=269&w=403&fm=webp&q=100,$86.87 per mo.,"Taxes extra | $0 down | 24 mos | 0% APR
Full Price: $2,999.99,"
moto g power - 2024,https://images.ctfassets.net/t00ajdlq0g9p/6lFjSyWQO6nLCgTBaJzqjo/7dd43ee43040791ca74e1d952722f621/motorola-power-5G-front.png?h=269&w=403&fm=webp&q=100,$5.00 per mo.,"Taxes extra | $0 down | 24 mos | 0% APR
Full Price: $399.99,"
TCL 50 XE NXTPAPER 5G,https://images.ctfassets.net/t00ajdlq0g9p/7MHDKR6U7iUJ7fQ9YbD03Y/26b60f3bf2010bceab91061342714bf9/TCL-dragonfly-group.png?h=269&w=403&fm=webp&q=100,$5.00 per mo.,"Taxes extra | $0 down | 24 mos | 0% APR
Full Price: $310.00,"
Samsung Galaxy S22+,https://images.ctfassets.net/t00ajdlq0g9p/4f7ogq7UyJ42U5tOw4fLkK/e3bc7f42a964092fc6568f04bde0384e/galaxy-s22_-black-front.png?h=269&w=403&fm=webp&q=100,$10.00 per mo.,"Taxes extra | $0 down | 24 mos | 0% APR
Full Price: $1,000.00,"
iPhone 13,https://images.ctfassets.net/t00ajdlq0g9p/QZsnQ9PfOnsK1cVGreAHH/86f358dddccfea146aa81789a3b761bf/iPhone13-midnight-front.png?h=269&w=403&fm=webp&q=100,$29.97 per mo.,"Taxes extra | $0 down | 24 mos | 0% APR
Full Price: $719.28,"
Samsung Galaxy S24 Ultra,https://images.ctfassets.net/t00ajdlq0g9p/4aLpzHCEhzyJAjNwaW0QPN/d5a61cafd7f07301dee2cbfc8d2f2471/samsung-galaxy-s24-Ultra-gray-main.png?h=269&w=403&fm=webp&q=100,$75.00 per mo.,"Taxes extra | $0 down | 24 mos | 0% APR
Full Price: $2,222.99,"
iPhone 15 Pro,https://images.ctfassets.net/t00ajdlq0g9p/148MwoEnIU1Fx1zNcciAwG/a43bd8dd38ecc7a7d2d3047200edcbbb/apple-15-Pro-black-pos1.png?h=269&w=403&fm=webp&q=100,$55.63 per mo.,"Taxes extra | $0 down | 24 mos | 0% APR
Full Price: $1,335.00,"
Samsung Galaxy A15 5G,https://images.ctfassets.net/t00ajdlq0g9p/6ZReh2cyX1tX2XLzyMRg5D/9731adcf76776cf89ad8b6a57985472b/Frame_8.png?h=269&w=403&fm=webp&q=100,$11.25 per mo.,"Taxes extra | $0 down | 24 mos | 0% APR
Full Price: $316.00,"
Samsung Galaxy A54 5G,https://images.ctfassets.net/t00ajdlq0g9p/XykZR9VCE2xYOgh48e53X/8b443bec7c6f23366acdb16db2cb8a2d/samsung-a54-front.png?h=269&w=403&fm=webp&q=100,$24.58 per mo.,"Taxes extra | $0 down | 24 mos | 0% APR
Full Price: $690.00,"
Google Pixel 7a,https://images.ctfassets.net/t00ajdlq0g9p/5OZq8nAK6N3hIqEuyR8mec/4f9283e19c0d0d16845df7c03044d66e/google-pixel-7a-carbon-front-en.png?h=269&w=403&fm=webp&q=100,$24.95 per mo.,"Taxes extra | $0 down | 24 mos | 0% APR
Full Price: $702.00,"
iPhone 15 Plus,https://images.ctfassets.net/t00ajdlq0g9p/2YTR4iN748jrTweovn8Bzl/7d805c9da008dfbcc777fa625f12663a/apple-15-plus-black-pos1.png?h=269&w=403&fm=webp&q=100,$49.21 per mo.,"Taxes extra | $0 down | 24 mos | 0% APR
Full Price: $1,181.00,"
ThinkPhone by Motorola,https://images.ctfassets.net/t00ajdlq0g9p/e9KLl3DhfCGiQocRQYzo0/6cc60ed21fa3b024cafad1b98a955c5e/motorola-thinkPhone-front.png?h=269&w=403&fm=webp&q=100,$15.00 per mo.,"Taxes extra | $0 down | 24 mos | 0% APR
Full Price: $1,170.00,"
Google Pixel 8a,https://images.ctfassets.net/t00ajdlq0g9p/3XHBIibiEGL7L5lTLOWM6K/07c7ff8686e9c428a70255f8d9a04655/google-pixel-8a-obsidian-main.png?h=269&w=403&fm=webp&q=100,$28.29 per mo.,"Taxes extra | $0 down | 24 mos | 0% APR
Full Price: $796.00,"
Samsung Galaxy S23+,https://images.ctfassets.net/t00ajdlq0g9p/6cBs3ZbMHUcVfhPFEZVGJF/00b1b60335cb42ef29c22d2927cde988/samsung-galaxy-s23Plus-black-front.png?h=269&w=403&fm=webp&q=100,$30.00 per mo.,"Taxes extra | $0 down | 24 mos | 0% APR
Full Price: $1,729.00,"
iPhone 14 Plus,https://images.ctfassets.net/t00ajdlq0g9p/4PmF0rIknw3yg3US7GTZQo/c62eabc5130c9f2367dc7a4ecf6033f9/apple-14-Plus-starlight-pos1.png?h=269&w=403&fm=webp&q=100,$27.09 per mo.,"Taxes extra | $0 down | 24 mos | 0% APR
Full Price: $770.00,"
iPhone 14 Pro,https://images.ctfassets.net/t00ajdlq0g9p/01NYHxIykVNPWK5XwTgBqP/5e76264b1d92c821ac1c4ce89213967e/iPhone14Pro-SpaceBlack-pos1.png?h=269&w=403&fm=webp&q=100,$30.63 per mo.,"Taxes extra | $0 down | 24 mos | 0% APR
Full Price: $855.00,"
iPhone 14 Pro Max,https://images.ctfassets.net/t00ajdlq0g9p/GbhrhKuSbh7U7muBTatOc/da9e6b3bb7ff8e13d16829efd2293995/iPhone14ProMax-DeepPurple-pos1.png?h=269&w=403&fm=webp&q=100,$35.42 per mo.,"Taxes extra | $0 down | 24 mos | 0% APR
Full Price: $970.00,"
Samsung Galaxy Z Flip4,https://images.ctfassets.net/t00ajdlq0g9p/1hJZWajdB9gW00W6h8uiK4/bb5c23770eb80ad36e272a217095320f/samsung-z-flip-graphite-angle.png?h=269&w=403&fm=webp&q=100,$28.00 per mo.,"Taxes extra | $0 down | 24 mos | 0% APR
Full Price: $1,556.00,"
moto g 5G,https://images.ctfassets.net/t00ajdlq0g9p/9QLrTpDJU3T5QI4rCAOU3/654e0a5f00d95565d5bac214e2f2e3b4/motorola-g-5G-front.png?h=269&w=403&fm=webp&q=100,$0.00 per mo.,"Taxes extra | $0 down | 24 mos | 0% APR
Full Price: $364.00,"
moto g play (2023),https://images.ctfassets.net/t00ajdlq0g9p/3TjbsbVeEVNTo6CW4ll8cJ/cd2621d4b18e6e493d035d845c49c6dc/motorola-g-play-front.png?h=269&w=403&fm=webp&q=100,$3.00 per mo.,"Taxes extra | $0 down | 24 mos | 0% APR
Full Price: $249.99,"
iPhone 14,https://images.ctfassets.net/t00ajdlq0g9p/3WhfwrE47HJ0oljoL6kqIm/b36af9654a429f5ee9d4f06188a7b307/apple-14-midnight-pos1.png?h=269&w=403&fm=webp&q=100,$20.00 per mo.,"Taxes extra | $0 down | 24 mos | 0% APR
Full Price: $1,130.00,"
Samsung Galaxy S22+,https://images.ctfassets.net/t00ajdlq0g9p/4f7ogq7UyJ42U5tOw4fLkK/e3bc7f42a964092fc6568f04bde0384e/galaxy-s22_-black-front.png?h=269&w=403&fm=webp&q=100,$30.00 per mo.,"Taxes extra | $0 down | 24 mos | 0% APR
Full Price: $1,729.00,"
Samsung Galaxy Z Fold4,https://images.ctfassets.net/t00ajdlq0g9p/2naanS0jXWT6yZ4vGUlX56/3eecb7b3f400f78e2619ec8f70d155b6/samsung-z-fold-black-angle.png?h=269&w=403&fm=webp&q=100,$50.00 per mo.,"Taxes extra | $0 down | 24 mos | 0% APR
Full Price: $2,803.00,"
iPhone 15 Plus,https://images.ctfassets.net/t00ajdlq0g9p/2YTR4iN748jrTweovn8Bzl/7d805c9da008dfbcc777fa625f12663a/apple-15-plus-black-pos1.png?h=269&w=403&fm=webp&q=100,$38.34 per mo.,"Taxes extra | $0 down | 24 mos | 0% APR
Full Price: $920.00,"
iPhone 15,https://images.ctfassets.net/t00ajdlq0g9p/zuz8GcQIdTie4AglVvFsI/d072096af79bb3d8595479bb2b0ddafc/apple-15-black-pos1.png?h=269&w=403&fm=webp&q=100,$33.84 per mo.,"Taxes extra | $0 down | 24 mos | 0% APR
Full Price: $812.00,"
Samsung Galaxy A35 5G,https://images.ctfassets.net/t00ajdlq0g9p/6vEQgRZbrs5FYahNKupCPk/443b912bab744a2cdca08b78751aacdb/samsung-galaxy-a35-front.png?h=269&w=403&fm=webp&q=100,$22.08 per mo.,"Taxes extra | $0 down | 24 mos | 0% APR
Full Price: $620.09,"
iPhone SE,https://images.ctfassets.net/t00ajdlq0g9p/QcyKnkR7sGYwCYIG4ynOp/2a4738351de561d9a564b547c93d08c1/iPhone-SE3-midnight-pos1.png?h=269&w=403&fm=webp&q=100,$24.80 per mo.,"Taxes extra | $0 down | 24 mos | 0% APR
Full Price: $595.08,"
